﻿order,inst,number,pos0,posA,posB,pos1,pos2,pos3,pos4,correctkey,Congruent,blocks.thisRepN,blocks.thisTrialN,blocks.thisN,blocks.thisIndex,practice_trials.thisRepN,practice_trials.thisTrialN,practice_trials.thisN,practice_trials.thisIndex,exp_sess_trials.thisRepN,exp_sess_trials.thisTrialN,exp_sess_trials.thisN,exp_sess_trials.thisIndex,welcome_text.started,welcome_text.stopped,welcome_key_resp.keys,welcome_key_resp.rt,welcome_key_resp.started,welcome_key_resp.stopped,Prac_Instruction.started,Prac_Instruction.stopped,instr_key_resp.keys,instr_key_resp.rt,instr_key_resp.started,instr_key_resp.stopped,fix_text.started,fix_text.stopped,prac_num0.started,prac_num0.stopped,prac_numA.started,prac_numA.stopped,prac_numB.started,prac_numB.stopped,prac_num1.started,prac_num1.stopped,prac_num2.started,prac_num2.stopped,prac_num3.started,prac_num3.stopped,prac_num4.started,prac_num4.stopped,practice_trial_key_resp.keys,practice_trial_key_resp.corr,practice_trial_key_resp.rt,practice_trial_key_resp.started,practice_trial_key_resp.stopped,msg_text.started,msg_text.stopped,exp_intro_text.started,exp_intro_text.stopped,exp_sess_intro_key_resp.keys,exp_sess_intro_key_resp.rt,exp_sess_intro_key_resp.started,exp_sess_intro_key_resp.stopped,exp_fix_text.started,exp_fix_text.stopped,exp_num0.started,exp_num0.stopped,exp_numA.started,exp_numA.stopped,exp_numB.started,exp_numB.stopped,exp_num1.started,exp_num1.stopped,exp_num2.started,exp_num2.stopped,exp_num3.started,exp_num3.stopped,exp_num4.started,exp_num4.stopped,exp_number_key_resp.keys,exp_number_key_resp.corr,exp_number_key_resp.rt,exp_number_key_resp.started,exp_number_key_resp.stopped,participant,gender,age,handedness,group,date,expName,psychopyVersion,frameRate,
,,,,,,,,,,,,,,,,,,,,,,,,25.408721899962984,None,space,24.73789750004653,25.408721899962984,None,,,,,,,,,,,,,,,,,,,,,,,,,,,,,,,,,,,,,,,,,,,,,,,,,,,,,,,,,3,female,20,right,A,2020_Oct_28_2333,Digits vs. numerosity,2020.2.3,60.0159402363284,
block1.xlsx,If the value of any single digit is SMALLER than 3 press the 'L' key.                             If the value of any digit is LARGER than 3 press the 'A' key.                                                        Press the spacebar to begin,5,"(0,2)","(0,2)","(0,2)","(-.08,.08)","(.08,.08)","(-.08,-.08)","(.08,-.08)",a,Cong,0,0,0,0,0,0,0,14,,,,,,,,,,,50.80725979997078,None,space,2.228189699992072,51.30822289997013,None,54.14125409995904,54.656581999966875,55.14479609997943,None,55.14479609997943,None,55.14479609997943,None,55.14479609997943,None,55.14479609997943,None,55.14479609997943,None,55.14479609997943,None,l,0,2.486549399967771,55.14479609997943,None,57.67112629994517,None,,,,,,,,,,,,,,,,,,,,,,,,,,,,3,female,20,right,A,2020_Oct_28_2333,Digits vs. numerosity,2020.2.3,60.0159402363284,
block1.xlsx,If the value of any single digit is SMALLER than 3 press the 'L' key.                             If the value of any digit is LARGER than 3 press the 'A' key.                                                        Press the spacebar to begin,2,"(0,2)","(-.08,0)","(.08,0)","(0,2)","(0,2)","(0,2)","(0,2)",l,Cong,0,0,0,0,0,1,1,5,,,,,,,,,,,,,,,,,59.20913789997576,59.724193599948194,60.21189759997651,None,60.21189759997651,None,60.21189759997651,None,60.21189759997651,None,60.21189759997651,None,60.21189759997651,None,60.21189759997651,None,a,0,1.1538371000206098,60.21189759997651,None,61.401300799974706,None,,,,,,,,,,,,,,,,,,,,,,,,,,,,3,female,20,right,A,2020_Oct_28_2333,Digits vs. numerosity,2020.2.3,60.0159402363284,
block1.xlsx,If the value of any single digit is SMALLER than 3 press the 'L' key.                             If the value of any digit is LARGER than 3 press the 'A' key.                                                        Press the spacebar to begin,1,"(0,0)","(0,2)","(0,2)","(0,2)","(0,2)","(0,2)","(0,2)",l,Cong,0,0,0,0,0,2,2,1,,,,,,,,,,,,,,,,,62.93913469999097,63.43883079994703,63.947912199946586,None,63.947912199946586,None,63.947912199946586,None,63.947912199946586,None,63.947912199946586,None,63.947912199946586,None,63.947912199946586,None,a,0,1.411746800004039,63.947912199946586,None,65.3975497999927,None,,,,,,,,,,,,,,,,,,,,,,,,,,,,3,female,20,right,A,2020_Oct_28_2333,Digits vs. numerosity,2020.2.3,60.0159402363284,
block1.xlsx,If the value of any single digit is SMALLER than 3 press the 'L' key.                             If the value of any digit is LARGER than 3 press the 'A' key.                                                        Press the spacebar to begin,4,"(0,2)","(0,2)","(0,2)","(-.08,.08)","(.08,.08)","(-.08,-.08)","(.08,-.08)",a,Cong,0,0,0,0,0,3,3,11,,,,,,,,,,,,,,,,,66.92263909999747,67.42389949999051,67.92167999997037,None,67.92167999997037,None,67.92167999997037,None,67.92167999997037,None,67.92167999997037,None,67.92167999997037,None,67.92167999997037,None,a,1,0.8998487999779172,67.92167999997037,None,68.8791196999955,None,,,,,,,,,,,,,,,,,,,,,,,,,,,,3,female,20,right,A,2020_Oct_28_2333,Digits vs. numerosity,2020.2.3,60.0159402363284,
block1.xlsx,If the value of any single digit is SMALLER than 3 press the 'L' key.                             If the value of any digit is LARGER than 3 press the 'A' key.                                                        Press the spacebar to begin,1,"(0,2)","(0,2)","(0,2)","(-.08,.08)","(.08,.08)","(-.08,-.08)","(.08,-.08)",l,Incong,0,0,0,0,0,4,4,2,,,,,,,,,,,,,,,,,70.42310769995674,70.92320889997063,71.42664619995048,None,71.42664619995048,None,71.42664619995048,None,71.42664619995048,None,71.42664619995048,None,71.42664619995048,None,71.42664619995048,None,a,0,0.750959699973464,71.42664619995048,None,72.20521139999619,None,,,,,,,,,,,,,,,,,,,,,,,,,,,,3,female,20,right,A,2020_Oct_28_2333,Digits vs. numerosity,2020.2.3,60.0159402363284,
block1.xlsx,If the value of any single digit is SMALLER than 3 press the 'L' key.                             If the value of any digit is LARGER than 3 press the 'A' key.                                                        Press the spacebar to begin,5,"(0,2)","(-.08,0)","(.08,0)","(0,2)","(0,2)","(0,2)","(0,2)",a,Incong,0,0,0,0,0,5,5,12,,,,,,,,,,,,,,,,,73.73975049995352,74.23850939999102,74.74306149996119,None,74.74306149996119,None,74.74306149996119,None,74.74306149996119,None,74.74306149996119,None,74.74306149996119,None,74.74306149996119,None,a,1,0.8518037000321783,74.74306149996119,None,75.64411769999424,None,,,,,,,,,,,,,,,,,,,,,,,,,,,,3,female,20,right,A,2020_Oct_28_2333,Digits vs. numerosity,2020.2.3,60.0159402363284,
block1.xlsx,If the value of any single digit is SMALLER than 3 press the 'L' key.                             If the value of any digit is LARGER than 3 press the 'A' key.                                                        Press the spacebar to begin,5,"(0,0)","(0,2)","(0,2)","(0,2)","(0,2)","(0,2)","(0,2)",a,Incong,0,0,0,0,0,6,6,15,,,,,,,,,,,,,,,,,77.18761759996414,77.6880736000021,78.19142449996434,None,78.19142449996434,None,78.19142449996434,None,78.19142449996434,None,78.19142449996434,None,78.19142449996434,None,78.19142449996434,None,a,1,0.574080100050196,78.19142449996434,None,78.81941959995311,None,,,,,,,,,,,,,,,,,,,,,,,,,,,,3,female,20,right,A,2020_Oct_28_2333,Digits vs. numerosity,2020.2.3,60.0159402363284,
block1.xlsx,If the value of any single digit is SMALLER than 3 press the 'L' key.                             If the value of any digit is LARGER than 3 press the 'A' key.                                                        Press the spacebar to begin,4,"(0,0)","(0,2)","(0,2)","(0,2)","(0,2)","(0,2)","(0,2)",a,Incong,0,0,0,0,0,7,7,8,,,,,,,,,,,,,,,,,80.3544785999693,80.86999069998274,81.35847709997324,None,81.35847709997324,None,81.35847709997324,None,81.35847709997324,None,81.35847709997324,None,81.35847709997324,None,81.35847709997324,None,a,1,0.5722046999726444,81.35847709997324,None,81.97580919996835,None,,,,,,,,,,,,,,,,,,,,,,,,,,,,3,female,20,right,A,2020_Oct_28_2333,Digits vs. numerosity,2020.2.3,60.0159402363284,
block1.xlsx,If the value of any single digit is SMALLER than 3 press the 'L' key.                             If the value of any digit is LARGER than 3 press the 'A' key.                                                        Press the spacebar to begin,4,"(0,0)","(0,2)","(0,2)","(-.08,.08)","(.08,.08)","(-.08,-.08)","(.08,-.08)",a,Cong,0,0,0,0,0,8,8,10,,,,,,,,,,,,,,,,,83.50682169996435,84.01867309998488,84.50122949999059,None,84.50122949999059,None,84.50122949999059,None,84.50122949999059,None,84.50122949999059,None,84.50122949999059,None,84.50122949999059,None,l,0,0.4068493999657221,84.50122949999059,None,84.96025019994704,None,,,,,,,,,,,,,,,,,,,,,,,,,,,,3,female,20,right,A,2020_Oct_28_2333,Digits vs. numerosity,2020.2.3,60.0159402363284,
block1.xlsx,If the value of any single digit is SMALLER than 3 press the 'L' key.                             If the value of any digit is LARGER than 3 press the 'A' key.                                                        Press the spacebar to begin,1,"(0,2)","(-.08,0)","(.08,0)","(0,2)","(0,2)","(0,2)","(0,2)",l,Cong,0,0,0,0,0,9,9,0,,,,,,,,,,,,,,,,,86.50557529996149,87.00422299996717,87.51185839995742,None,87.51185839995742,None,87.51185839995742,None,87.51185839995742,None,87.51185839995742,None,87.51185839995742,None,87.51185839995742,None,a,0,1.0247770000132732,87.51185839995742,None,88.5621889999602,None,,,,,,,,,,,,,,,,,,,,,,,,,,,,3,female,20,right,A,2020_Oct_28_2333,Digits vs. numerosity,2020.2.3,60.0159402363284,
block1.xlsx,If the value of any single digit is SMALLER than 3 press the 'L' key.                             If the value of any digit is LARGER than 3 press the 'A' key.                                                        Press the spacebar to begin,2,"(0,0)","(0,2)","(0,2)","(-.08,.08)","(.08,.08)","(-.08,-.08)","(.08,-.08)",l,Incong,0,0,0,0,0,10,10,7,,,,,,,,,,,,,,,,,90.10378639999544,90.60454509995179,91.12310440000147,None,91.12310440000147,None,91.12310440000147,None,91.12310440000147,None,91.12310440000147,None,91.12310440000147,None,91.12310440000147,None,l,1,0.7164321999880485,91.12310440000147,None,91.90244899998652,None,,,,,,,,,,,,,,,,,,,,,,,,,,,,3,female,20,right,A,2020_Oct_28_2333,Digits vs. numerosity,2020.2.3,60.0159402363284,
block1.xlsx,If the value of any single digit is SMALLER than 3 press the 'L' key.                             If the value of any digit is LARGER than 3 press the 'A' key.                                                        Press the spacebar to begin,1,"(0,0)","(0,2)","(0,2)","(-.08,.08)","(.08,.08)","(-.08,-.08)","(.08,-.08)",l,Incong,0,0,0,0,0,11,11,3,,,,,,,,,,,,,,,,,93.43563469999935,93.93703799997456,94.4396657999605,None,94.4396657999605,None,94.4396657999605,None,94.4396657999605,None,94.4396657999605,None,94.4396657999605,None,94.4396657999605,None,a,0,1.0964116999530233,94.4396657999605,None,95.57066659996053,None,,,,,,,,,,,,,,,,,,,,,,,,,,,,3,female,20,right,A,2020_Oct_28_2333,Digits vs. numerosity,2020.2.3,60.0159402363284,
block1.xlsx,If the value of any single digit is SMALLER than 3 press the 'L' key.                             If the value of any digit is LARGER than 3 press the 'A' key.                                                        Press the spacebar to begin,4,"(0,2)","(-.08,0)","(.08,0)","(0,2)","(0,2)","(0,2)","(0,2)",a,Incong,0,0,0,0,0,12,12,9,,,,,,,,,,,,,,,,,97.11858439998468,97.61917119997088,98.13013969996246,None,98.13013969996246,None,98.13013969996246,None,98.13013969996246,None,98.13013969996246,None,98.13013969996246,None,98.13013969996246,None,None,0,,98.13013969996246,None,101.14906709996285,None,,,,,,,,,,,,,,,,,,,,,,,,,,,,3,female,20,right,A,2020_Oct_28_2333,Digits vs. numerosity,2020.2.3,60.0159402363284,
block1.xlsx,If the value of any single digit is SMALLER than 3 press the 'L' key.                             If the value of any digit is LARGER than 3 press the 'A' key.                                                        Press the spacebar to begin,5,"(0,0)","(0,2)","(0,2)","(-.08,.08)","(.08,.08)","(-.08,-.08)","(.08,-.08)",a,Cong,0,0,0,0,0,13,13,13,,,,,,,,,,,,,,,,,102.71799929998815,103.21829319995595,103.72951019997708,None,103.72951019997708,None,103.72951019997708,None,103.72951019997708,None,103.72951019997708,None,103.72951019997708,None,103.72951019997708,None,a,1,0.7469703000388108,103.72951019997708,None,104.52567169995746,None,,,,,,,,,,,,,,,,,,,,,,,,,,,,3,female,20,right,A,2020_Oct_28_2333,Digits vs. numerosity,2020.2.3,60.0159402363284,
block1.xlsx,If the value of any single digit is SMALLER than 3 press the 'L' key.                             If the value of any digit is LARGER than 3 press the 'A' key.                                                        Press the spacebar to begin,2,"(0,2)","(0,2)","(0,2)","(-.08,.08)","(.08,.08)","(-.08,-.08)","(.08,-.08)",l,Incong,0,0,0,0,0,14,14,4,,,,,,,,,,,,,,,,,106.08347509999294,106.58449369994923,107.09086089994526,None,107.09086089994526,None,107.09086089994526,None,107.09086089994526,None,107.09086089994526,None,107.09086089994526,None,107.09086089994526,None,a,0,0.9109923000214621,107.09086089994526,None,108.03621659998316,None,,,,,,,,,,,,,,,,,,,,,,,,,,,,3,female,20,right,A,2020_Oct_28_2333,Digits vs. numerosity,2020.2.3,60.0159402363284,
block1.xlsx,If the value of any single digit is SMALLER than 3 press the 'L' key.                             If the value of any digit is LARGER than 3 press the 'A' key.                                                        Press the spacebar to begin,2,"(0,0)","(0,2)","(0,2)","(0,2)","(0,2)","(0,2)","(0,2)",l,Cong,0,0,0,0,0,15,15,6,,,,,,,,,,,,,,,,,109.56789239996579,110.08281279995572,110.58503609994659,None,110.58503609994659,None,110.58503609994659,None,110.58503609994659,None,110.58503609994659,None,110.58503609994659,None,110.58503609994659,None,None,0,,110.58503609994659,None,113.58847369998693,None,,,,,,,,,,,,,,,,,,,,,,,,,,,,3,female,20,right,A,2020_Oct_28_2333,Digits vs. numerosity,2020.2.3,60.0159402363284,
block1.xlsx,If the value of any single digit is SMALLER than 3 press the 'L' key.                             If the value of any digit is LARGER than 3 press the 'A' key.                                                        Press the spacebar to begin,5,"(0,0)","(0,2)","(0,2)","(0,2)","(0,2)","(0,2)","(0,2)",a,Incong,0,0,0,0,,,,,0,0,0,15,,,,,,,,,,,,,,,,,,,,,,,,,,,,,,,,,,,,115.33262289996492,None,space,4.575781600025948,115.33262289996492,None,120.53427089995239,121.04858709999826,121.5404207999818,None,121.5404207999818,None,121.5404207999818,None,121.5404207999818,None,121.5404207999818,None,121.5404207999818,None,121.5404207999818,None,l,0,0.6442104000016116,121.5404207999818,None,3,female,20,right,A,2020_Oct_28_2333,Digits vs. numerosity,2020.2.3,60.0159402363284,
block1.xlsx,If the value of any single digit is SMALLER than 3 press the 'L' key.                             If the value of any digit is LARGER than 3 press the 'A' key.                                                        Press the spacebar to begin,2,"(0,2)","(0,2)","(0,2)","(-.08,.08)","(.08,.08)","(-.08,-.08)","(.08,-.08)",l,Incong,0,0,0,0,,,,,0,1,1,4,,,,,,,,,,,,,,,,,,,,,,,,,,,,,,,,,,,,,,,,,,122.7488841000013,123.26497819996439,123.75674759998219,None,123.75674759998219,None,123.75674759998219,None,123.75674759998219,None,123.75674759998219,None,123.75674759998219,None,123.75674759998219,None,None,0,,123.75674759998219,None,3,female,20,right,A,2020_Oct_28_2333,Digits vs. numerosity,2020.2.3,60.0159402363284,
