﻿order,inst,number,pos0,posA,posB,pos1,pos2,pos3,pos4,correctkey,Congruent,blocks.thisRepN,blocks.thisTrialN,blocks.thisN,blocks.thisIndex,practice_trials.thisRepN,practice_trials.thisTrialN,practice_trials.thisN,practice_trials.thisIndex,welcome_text.started,welcome_text.stopped,welcome_key_resp.keys,welcome_key_resp.rt,welcome_key_resp.started,welcome_key_resp.stopped,Prac_Instruction.started,Prac_Instruction.stopped,instr_key_resp.keys,instr_key_resp.rt,instr_key_resp.started,instr_key_resp.stopped,fix_text.started,fix_text.stopped,prac_num0.started,prac_num0.stopped,prac_numA.started,prac_numA.stopped,prac_numB.started,prac_numB.stopped,prac_num1.started,prac_num1.stopped,prac_num2.started,prac_num2.stopped,prac_num3.started,prac_num3.stopped,prac_num4.started,prac_num4.stopped,practice_trial_key_resp.keys,practice_trial_key_resp.corr,practice_trial_key_resp.rt,practice_trial_key_resp.started,practice_trial_key_resp.stopped,msg_text.started,msg_text.stopped,participant,gender,age,handedness,group,date,expName,psychopyVersion,frameRate,
,,,,,,,,,,,,,,,,,,,,37.64960119873285,None,space,18.808229599148035,37.64960119873285,None,,,,,,,,,,,,,,,,,,,,,,,,,,,,,,,female,,left,A,2020_Oct_29_1044,Digits vs. numerosity,2020.2.3,60.05703053451886,
block1.xlsx,If the value of any single digit is SMALLER than 3 press the 'L' key.                             If the value of any digit is LARGER than 3 press the 'A' key.                                                        Press the spacebar to begin,2,"(0,2)","(0,2)","(0,2)","(-.08,.08)","(.08,.08)","(-.08,-.08)","(.08,-.08)",l,Incong,0,0,0,0,0,0,0,4,,,,,,,57.84879029914737,None,space,15.542856201529503,58.339859798550606,None,74.5065945982933,75.00648829713464,75.50615049898624,None,75.50615049898624,None,75.50615049898624,None,75.50615049898624,None,75.50615049898624,None,75.50615049898624,None,75.50615049898624,None,l,1,0.849151000380516,75.50615049898624,None,76.3920727968216,None,,female,,left,A,2020_Oct_29_1044,Digits vs. numerosity,2020.2.3,60.05703053451886,
block1.xlsx,If the value of any single digit is SMALLER than 3 press the 'L' key.                             If the value of any digit is LARGER than 3 press the 'A' key.                                                        Press the spacebar to begin,4,"(0,0)","(0,2)","(0,2)","(-.08,.08)","(.08,.08)","(-.08,-.08)","(.08,-.08)",a,Cong,0,0,0,0,0,1,1,10,,,,,,,,,,,,,77.90580489858985,78.40613310039043,78.90568950027227,None,78.90568950027227,None,78.90568950027227,None,78.90568950027227,None,78.90568950027227,None,78.90568950027227,None,78.90568950027227,None,a,1,0.5925993025302887,78.90568950027227,None,79.53164069727063,None,,female,,left,A,2020_Oct_29_1044,Digits vs. numerosity,2020.2.3,60.05703053451886,
block1.xlsx,If the value of any single digit is SMALLER than 3 press the 'L' key.                             If the value of any digit is LARGER than 3 press the 'A' key.                                                        Press the spacebar to begin,4,"(0,0)","(0,2)","(0,2)","(0,2)","(0,2)","(0,2)","(0,2)",a,Incong,0,0,0,0,0,2,2,8,,,,,,,,,,,,,81.03938999772072,81.5397206991911,82.03889609873295,None,82.03889609873295,None,82.03889609873295,None,82.03889609873295,None,82.03889609873295,None,82.03889609873295,None,82.03889609873295,None,a,1,0.5956188999116421,82.03889609873295,None,82.66516259685159,None,,female,,left,A,2020_Oct_29_1044,Digits vs. numerosity,2020.2.3,60.05703053451886,
block1.xlsx,If the value of any single digit is SMALLER than 3 press the 'L' key.                             If the value of any digit is LARGER than 3 press the 'A' key.                                                        Press the spacebar to begin,5,"(0,2)","(-.08,0)","(.08,0)","(0,2)","(0,2)","(0,2)","(0,2)",a,Incong,0,0,0,0,0,3,3,12,,,,,,,,,,,,,84.17286779731512,84.67221060022712,85.17295689880848,None,85.17295689880848,None,85.17295689880848,None,85.17295689880848,None,85.17295689880848,None,85.17295689880848,None,85.17295689880848,None,l,0,0.5413586013019085,85.17295689880848,None,85.78153759986162,None,,female,,left,A,2020_Oct_29_1044,Digits vs. numerosity,2020.2.3,60.05703053451886,
block1.xlsx,If the value of any single digit is SMALLER than 3 press the 'L' key.                             If the value of any digit is LARGER than 3 press the 'A' key.                                                        Press the spacebar to begin,1,"(0,0)","(0,2)","(0,2)","(-.08,.08)","(.08,.08)","(-.08,-.08)","(.08,-.08)",l,Incong,0,0,0,0,0,4,4,3,,,,,,,,,,,,,87.30566619709134,87.8062906973064,88.3055182993412,None,88.3055182993412,None,88.3055182993412,None,88.3055182993412,None,88.3055182993412,None,88.3055182993412,None,88.3055182993412,None,l,1,0.8884135000407696,88.3055182993412,None,89.22781559824944,None,,female,,left,A,2020_Oct_29_1044,Digits vs. numerosity,2020.2.3,60.05703053451886,
block1.xlsx,If the value of any single digit is SMALLER than 3 press the 'L' key.                             If the value of any digit is LARGER than 3 press the 'A' key.                                                        Press the spacebar to begin,2,"(0,2)","(-.08,0)","(.08,0)","(0,2)","(0,2)","(0,2)","(0,2)",l,Cong,0,0,0,0,0,5,5,5,,,,,,,,,,,,,90.73887269943953,91.23868649825454,91.73875039815903,None,91.73875039815903,None,91.73875039815903,None,91.73875039815903,None,91.73875039815903,None,91.73875039815903,None,91.73875039815903,None,a,0,0.9353271014988422,91.73875039815903,None,92.7074818983674,None,,female,,left,A,2020_Oct_29_1044,Digits vs. numerosity,2020.2.3,60.05703053451886,
block1.xlsx,If the value of any single digit is SMALLER than 3 press the 'L' key.                             If the value of any digit is LARGER than 3 press the 'A' key.                                                        Press the spacebar to begin,1,"(0,2)","(0,2)","(0,2)","(-.08,.08)","(.08,.08)","(-.08,-.08)","(.08,-.08)",l,Incong,0,0,0,0,0,6,6,2,,,,,,,,,,,,,94.22216749936342,94.72217579931021,95.22224939987063,None,95.22224939987063,None,95.22224939987063,None,95.22224939987063,None,95.22224939987063,None,95.22224939987063,None,95.22224939987063,None,a,0,0.6514016017317772,95.22224939987063,None,95.89162669703364,None,,female,,left,A,2020_Oct_29_1044,Digits vs. numerosity,2020.2.3,60.05703053451886,
block1.xlsx,If the value of any single digit is SMALLER than 3 press the 'L' key.                             If the value of any digit is LARGER than 3 press the 'A' key.                                                        Press the spacebar to begin,4,"(0,2)","(-.08,0)","(.08,0)","(0,2)","(0,2)","(0,2)","(0,2)",a,Incong,0,0,0,0,0,7,7,9,,,,,,,,,,,,,97.40668219700456,97.90556779876351,98.4052220992744,None,98.4052220992744,None,98.4052220992744,None,98.4052220992744,None,98.4052220992744,None,98.4052220992744,None,98.4052220992744,None,a,1,0.7088753990828991,98.4052220992744,None,99.14907199889421,None,,female,,left,A,2020_Oct_29_1044,Digits vs. numerosity,2020.2.3,60.05703053451886,
block1.xlsx,If the value of any single digit is SMALLER than 3 press the 'L' key.                             If the value of any digit is LARGER than 3 press the 'A' key.                                                        Press the spacebar to begin,5,"(0,0)","(0,2)","(0,2)","(0,2)","(0,2)","(0,2)","(0,2)",a,Incong,0,0,0,0,0,8,8,15,,,,,,,,,,,,,100.65563289821148,101.15562679991126,101.6549640968442,None,101.6549640968442,None,101.6549640968442,None,101.6549640968442,None,101.6549640968442,None,101.6549640968442,None,101.6549640968442,None,a,1,0.5072544999420643,101.6549640968442,None,102.19439099729061,None,,female,,left,A,2020_Oct_29_1044,Digits vs. numerosity,2020.2.3,60.05703053451886,
block1.xlsx,If the value of any single digit is SMALLER than 3 press the 'L' key.                             If the value of any digit is LARGER than 3 press the 'A' key.                                                        Press the spacebar to begin,4,"(0,2)","(0,2)","(0,2)","(-.08,.08)","(.08,.08)","(-.08,-.08)","(.08,-.08)",a,Cong,0,0,0,0,0,9,9,11,,,,,,,,,,,,,103.70539069920778,104.20537940040231,104.70518919825554,None,104.70518919825554,None,104.70518919825554,None,104.70518919825554,None,104.70518919825554,None,104.70518919825554,None,104.70518919825554,None,a,1,0.504721499979496,104.70518919825554,None,105.24482559785247,None,,female,,left,A,2020_Oct_29_1044,Digits vs. numerosity,2020.2.3,60.05703053451886,
block1.xlsx,If the value of any single digit is SMALLER than 3 press the 'L' key.                             If the value of any digit is LARGER than 3 press the 'A' key.                                                        Press the spacebar to begin,2,"(0,0)","(0,2)","(0,2)","(-.08,.08)","(.08,.08)","(-.08,-.08)","(.08,-.08)",l,Incong,0,0,0,0,0,10,10,7,,,,,,,,,,,,,106.75511149689555,107.25514889881015,107.7550173997879,None,107.7550173997879,None,107.7550173997879,None,107.7550173997879,None,107.7550173997879,None,107.7550173997879,None,107.7550173997879,None,a,0,0.6157456003129482,107.7550173997879,None,108.3909617997706,None,,female,,left,A,2020_Oct_29_1044,Digits vs. numerosity,2020.2.3,60.05703053451886,
block1.xlsx,If the value of any single digit is SMALLER than 3 press the 'L' key.                             If the value of any digit is LARGER than 3 press the 'A' key.                                                        Press the spacebar to begin,5,"(0,0)","(0,2)","(0,2)","(-.08,.08)","(.08,.08)","(-.08,-.08)","(.08,-.08)",a,Cong,0,0,0,0,0,11,11,13,,,,,,,,,,,,,109.90521079674363,110.40497669950128,110.9056230969727,None,110.9056230969727,None,110.9056230969727,None,110.9056230969727,None,110.9056230969727,None,110.9056230969727,None,110.9056230969727,None,a,1,0.6006089001893997,110.9056230969727,None,111.52824839949608,None,,female,,left,A,2020_Oct_29_1044,Digits vs. numerosity,2020.2.3,60.05703053451886,
block1.xlsx,If the value of any single digit is SMALLER than 3 press the 'L' key.                             If the value of any digit is LARGER than 3 press the 'A' key.                                                        Press the spacebar to begin,2,"(0,0)","(0,2)","(0,2)","(0,2)","(0,2)","(0,2)","(0,2)",l,Cong,0,0,0,0,0,12,12,6,,,,,,,,,,,,,113.03830450028181,113.53843109682202,114.03811989724636,None,114.03811989724636,None,114.03811989724636,None,114.03811989724636,None,114.03811989724636,None,114.03811989724636,None,114.03811989724636,None,l,1,0.4681744985282421,114.03811989724636,None,114.52822299674153,None,,female,,left,A,2020_Oct_29_1044,Digits vs. numerosity,2020.2.3,60.05703053451886,
block1.xlsx,If the value of any single digit is SMALLER than 3 press the 'L' key.                             If the value of any digit is LARGER than 3 press the 'A' key.                                                        Press the spacebar to begin,5,"(0,2)","(0,2)","(0,2)","(-.08,.08)","(.08,.08)","(-.08,-.08)","(.08,-.08)",a,Cong,0,0,0,0,0,13,13,14,,,,,,,,,,,,,116.03822439908981,116.53873489797115,117.03846539929509,None,117.03846539929509,None,117.03846539929509,None,117.03846539929509,None,117.03846539929509,None,117.03846539929509,None,117.03846539929509,None,a,1,0.5398323014378548,117.03846539929509,None,117.61061079800129,None,,female,,left,A,2020_Oct_29_1044,Digits vs. numerosity,2020.2.3,60.05703053451886,
block1.xlsx,If the value of any single digit is SMALLER than 3 press the 'L' key.                             If the value of any digit is LARGER than 3 press the 'A' key.                                                        Press the spacebar to begin,1,"(0,2)","(-.08,0)","(.08,0)","(0,2)","(0,2)","(0,2)","(0,2)",l,Cong,0,0,0,0,0,14,14,0,,,,,,,,,,,,,119.12139539793134,119.62139089778066,120.12108399719,None,120.12108399719,None,120.12108399719,None,120.12108399719,None,120.12108399719,None,120.12108399719,None,120.12108399719,None,l,1,0.5211022011935711,120.12108399719,None,120.67897349968553,None,,female,,left,A,2020_Oct_29_1044,Digits vs. numerosity,2020.2.3,60.05703053451886,
block1.xlsx,If the value of any single digit is SMALLER than 3 press the 'L' key.                             If the value of any digit is LARGER than 3 press the 'A' key.                                                        Press the spacebar to begin,1,"(0,0)","(0,2)","(0,2)","(0,2)","(0,2)","(0,2)","(0,2)",l,Cong,0,0,0,0,0,15,15,1,,,,,,,,,,,,,122.18809559941292,122.6886228993535,123.18812559917569,None,123.18812559917569,None,123.18812559917569,None,123.18812559917569,None,123.18812559917569,None,123.18812559917569,None,123.18812559917569,None,l,1,0.4379661977291107,123.18812559917569,None,123.66022469848394,None,,female,,left,A,2020_Oct_29_1044,Digits vs. numerosity,2020.2.3,60.05703053451886,
