﻿order,inst,number,pos0,posA,posB,pos1,pos2,pos3,pos4,correctkey,Congruent,blocks.thisRepN,blocks.thisTrialN,blocks.thisN,blocks.thisIndex,practice_trials.thisRepN,practice_trials.thisTrialN,practice_trials.thisN,practice_trials.thisIndex,welcome_text.started,welcome_text.stopped,welcome_key_resp.keys,welcome_key_resp.rt,welcome_key_resp.started,welcome_key_resp.stopped,Prac_Instruction.started,Prac_Instruction.stopped,instr_key_resp.keys,instr_key_resp.rt,instr_key_resp.started,instr_key_resp.stopped,fix_text.started,fix_text.stopped,prac_num0.started,prac_num0.stopped,prac_numA.started,prac_numA.stopped,prac_numB.started,prac_numB.stopped,prac_num1.started,prac_num1.stopped,prac_num2.started,prac_num2.stopped,prac_num3.started,prac_num3.stopped,prac_num4.started,prac_num4.stopped,practice_trial_key_resp.keys,practice_trial_key_resp.corr,practice_trial_key_resp.rt,practice_trial_key_resp.started,practice_trial_key_resp.stopped,msg_text.started,msg_text.stopped,participant,gender,age,handedness,group,date,expName,psychopyVersion,frameRate,
,,,,,,,,,,,,,,,,,,,,37.69408169994131,None,space,1.8177830999484286,37.69408169994131,None,,,,,,,,,,,,,,,,,,,,,,,,,,,,,,,female,,left,A,2020_Nov_16_1219,Digits vs. numerosity,2020.2.3,59.94851622701899,
block1.xlsx,If the value of any single digit is SMALLER than 3 press the 'L' key.                             If the value of any digit is LARGER than 3 press the 'A' key.                                                        Press the spacebar to begin,5,"(0,0)","(0,2)","(0,2)","(-.08,.08)","(.08,.08)","(-.08,-.08)","(.08,-.08)",a,Cong,0,0,0,0,0,0,0,13,,,,,,,40.82606309989933,None,space,2.3950719999847934,41.32549459999427,None,44.374926399905235,44.87510479998309,45.37610389990732,None,45.37610389990732,None,45.37610389990732,None,45.37610389990732,None,45.37610389990732,None,45.37610389990732,None,45.37610389990732,None,l,0,0.7919009000761434,45.37610389990732,None,46.19622029992752,None,,female,,left,A,2020_Nov_16_1219,Digits vs. numerosity,2020.2.3,59.94851622701899,
block1.xlsx,If the value of any single digit is SMALLER than 3 press the 'L' key.                             If the value of any digit is LARGER than 3 press the 'A' key.                                                        Press the spacebar to begin,2,"(0,2)","(-.08,0)","(.08,0)","(0,2)","(0,2)","(0,2)","(0,2)",l,Cong,0,0,0,0,0,1,1,5,,,,,,,,,,,,,47.70864289999008,48.20844949991442,48.70860209991224,None,48.70860209991224,None,48.70860209991224,None,48.70860209991224,None,48.70860209991224,None,48.70860209991224,None,48.70860209991224,None,a,0,0.6353429000591859,48.70860209991224,None,49.362341000000015,None,,female,,left,A,2020_Nov_16_1219,Digits vs. numerosity,2020.2.3,59.94851622701899,
block1.xlsx,If the value of any single digit is SMALLER than 3 press the 'L' key.                             If the value of any digit is LARGER than 3 press the 'A' key.                                                        Press the spacebar to begin,4,"(0,0)","(0,2)","(0,2)","(0,2)","(0,2)","(0,2)","(0,2)",a,Incong,0,0,0,0,0,2,2,8,,,,,,,,,,,,,50.89176289993338,51.39208709995728,51.891621699905954,None,51.891621699905954,None,51.891621699905954,None,51.891621699905954,None,51.891621699905954,None,51.891621699905954,None,51.891621699905954,None,l,0,0.7879961000289768,51.891621699905954,None,52.710602299892344,None,,female,,left,A,2020_Nov_16_1219,Digits vs. numerosity,2020.2.3,59.94851622701899,
block1.xlsx,If the value of any single digit is SMALLER than 3 press the 'L' key.                             If the value of any digit is LARGER than 3 press the 'A' key.                                                        Press the spacebar to begin,1,"(0,0)","(0,2)","(0,2)","(0,2)","(0,2)","(0,2)","(0,2)",l,Cong,0,0,0,0,0,3,3,1,,,,,,,,,,,,,54.224924899986945,54.72524669999257,55.2254460999975,None,55.2254460999975,None,55.2254460999975,None,55.2254460999975,None,55.2254460999975,None,55.2254460999975,None,55.2254460999975,None,l,1,0.5827385999727994,55.2254460999975,None,55.83889049990103,None,,female,,left,A,2020_Nov_16_1219,Digits vs. numerosity,2020.2.3,59.94851622701899,
